实例ID,最优目标值,任务开始时间
j301_1,43,"[0,4,0,0,20,33,4,4,12,6,12,13,4,16,22,13,23,10,13,26,29,29,36,38,38,21,15,33,19,41,41,43]"
j301_2,47,"[0,0,0,0,10,11,7,18,10,2,13,7,14,23,32,14,13,26,14,25,36,7,33,29,25,24,38,35,40,39,38,47]"
j301_3,47,"[0,0,0,0,10,1,1,5,5,23,13,5,18,25,6,30,21,19,33,1,29,36,28,23,40,44,27,28,46,45,38,47]"
j301_4,62,"[0,0,27,0,10,3,9,17,25,24,34,34,18,3,9,38,51,34,20,43,35,24,31,24,43,47,20,50,52,53,45,62]"
j301_5,39,"[0,8,0,0,4,5,10,4,12,7,14,16,21,5,18,5,15,13,17,29,27,26,22,31,20,28,7,36,32,37,38,39]"
j301_6,48,"[0,0,12,0,10,9,15,11,28,11,13,10,12,27,13,20,16,28,24,38,14,21,13,36,33,41,19,26,47,37,38,48]"
j301_7,60,"[0,0,0,0,2,3,7,49,18,10,6,18,16,45,41,21,29,10,47,36,29,32,44,44,44,34,44,49,55,52,54,60]"
j301_8,53,"[0,0,0,0,3,12,25,6,20,3,8,34,35,10,35,20,10,25,22,20,35,35,25,31,25,35,44,36,45,44,43,53]"
j301_9,49,"[0,0,0,0,7,15,5,11,18,5,30,21,20,28,15,32,10,22,25,3,20,29,41,20,33,39,39,40,48,45,46,49]"
j301_10,45,"[0,0,0,0,4,27,4,5,14,17,10,17,18,18,22,18,27,17,22,6,23,3,20,31,28,31,34,35,39,33,44,45]"
j302_1,38,"[0,0,0,0,6,2,5,2,2,6,17,14,7,9,9,23,7,21,17,9,21,27,25,11,35,25,23,29,28,37,37,38]"
j302_2,51,"[0,0,0,0,5,12,3,3,5,11,32,12,16,11,7,8,11,12,15,19,22,21,32,42,22,17,33,32,22,41,45,51]"
j302_3,43,"[0,0,0,0,9,4,9,14,19,4,34,15,20,14,11,23,32,9,14,34,24,29,21,19,36,30,30,28,40,33,35,43]"
j302_4,43,"[0,0,0,0,2,9,16,16,8,25,11,8,2,22,14,9,22,9,16,32,9,39,16,33,22,29,25,29,36,34,42,43]"
j302_5,51,"[0,0,0,10,2,3,36,5,16,26,13,15,7,13,32,19,38,41,11,20,31,23,31,42,36,39,33,49,33,42,50,51]"
j302_6,47,"[0,0,0,0,4,4,4,6,14,8,5,4,4,29,14,13,37,18,25,27,36,29,32,18,32,34,42,37,37,46,45,47]"
j302_7,47,"[0,16,0,0,8,17,17,9,21,8,8,31,15,18,23,28,23,36,29,33,13,29,32,6,32,39,41,33,46,37,42,47]"
j302_8,54,"[0,0,0,9,3,3,9,19,18,9,9,32,27,10,35,28,14,39,37,30,25,18,26,36,41,37,32,46,49,51,42,54]"
j302_9,54,"[0,0,0,0,8,5,5,10,17,8,25,25,14,38,1,32,20,40,16,32,4,32,31,39,42,38,38,29,47,48,46,54]"
j302_10,43,"[0,0,6,0,8,10,6,13,12,7,8,19,7,19,12,16,12,19,19,27,17,27,30,17,21,22,29,30,34,40,39,43]"
j303_1,72,"[0,0,0,0,4,7,10,20,20,17,11,20,27,21,37,54,17,27,1,55,50,48,9,37,49,47,55,66,67,71,63,72]"
j303_2,40,"[0,0,20,0,5,6,12,12,11,9,23,6,20,11,32,26,22,21,12,20,28,31,32,31,28,32,35,35,37,38,37,40]"
j303_3,57,"[0,8,0,0,1,6,7,6,1,7,15,24,7,26,13,36,12,37,7,1,16,26,15,36,45,20,48,22,52,47,49,57]"
j303_4,98,"[0,0,0,0,3,13,7,13,18,28,36,45,36,42,28,52,45,7,95,45,18,61,42,18,36,71,78,81,51,96,89,98]"
j303_5,53,"[0,0,0,0,1,9,7,9,18,18,18,1,26,17,17,14,7,31,40,35,26,41,36,17,40,28,38,47,49,48,45,53]"
j303_6,54,"[0,0,14,1,3,1,3,5,3,3,11,15,11,20,19,15,29,14,21,30,4,31,30,29,31,33,40,40,47,44,44,54]"
j303_7,48,"[0,0,10,0,10,16,28,22,10,39,16,16,8,28,27,16,21,27,17,32,24,31,8,24,39,36,39,34,45,44,40,48]"
j303_8,54,"[0,0,0,0,7,5,12,7,11,18,19,4,9,44,7,29,38,41,35,20,29,43,20,8,27,35,41,38,44,49,49,54]"
j303_9,65,"[0,0,0,0,6,11,1,14,1,15,8,18,6,11,13,21,37,2,14,22,30,15,21,16,6,37,27,47,47,37,56,65]"
j303_10,59,"[0,0,0,0,2,9,4,9,9,5,37,20,10,17,19,25,23,19,14,35,8,23,25,4,32,39,46,41,50,39,53,59]"
j304_1,49,"[0,0,0,0,7,4,4,6,4,7,8,6,17,6,27,11,35,42,15,34,15,7,18,17,28,36,34,39,43,42,41,49]"
j304_2,60,"[0,0,0,0,5,8,5,8,13,8,5,6,13,21,6,28,8,28,20,34,37,47,37,21,29,47,37,50,52,53,34,60]"
j304_3,47,"[0,0,0,0,6,13,6,8,13,6,10,17,13,19,15,21,30,36,9,19,10,25,19,23,13,34,35,32,39,39,41,47]"
j304_4,57,"[0,0,0,0,1,1,1,5,4,8,4,12,6,16,12,6,18,22,7,26,17,16,38,21,30,40,25,40,50,49,47,57]"
j304_5,59,"[0,0,0,0,10,7,13,19,6,9,30,4,23,24,9,25,19,39,20,25,35,6,28,48,37,35,44,45,53,51,50,59]"
j304_6,45,"[0,0,0,0,9,5,9,19,8,29,18,8,9,22,5,23,5,31,33,6,40,34,19,34,23,18,41,34,44,39,44,45]"
j304_7,56,"[0,0,0,0,3,4,3,12,3,18,5,24,13,24,13,20,18,45,4,5,40,29,20,38,45,13,38,43,46,49,50,56]"
j304_8,55,"[0,0,0,0,8,6,9,15,9,8,11,10,15,25,6,11,11,17,26,10,39,20,18,43,34,25,34,39,46,45,54,55]"
j304_9,38,"[0,0,0,0,4,4,10,4,8,8,12,8,12,12,21,6,20,6,13,21,7,29,10,6,19,21,24,31,34,30,35,38]"
j304_10,48,"[0,0,0,0,9,3,2,3,11,6,15,22,11,19,32,9,2,4,11,38,15,8,17,26,20,9,41,40,39,41,44,48]"
j305_1,53,"[0,5,1,0,5,1,8,5,28,15,23,21,21,28,32,6,36,39,16,40,19,39,33,35,47,41,43,32,47,44,49,53]"
j305_2,82,"[0,0,34,9,9,20,17,39,18,49,9,28,20,41,49,41,57,50,57,17,18,26,64,34,59,50,65,59,74,45,73,82]"
j305_3,76,"[0,6,0,0,6,4,14,25,54,16,25,33,24,42,16,25,43,4,42,33,47,39,57,62,51,33,43,53,50,62,67,76]"
j305_4,63,"[0,0,0,6,25,16,10,22,16,25,16,6,22,22,34,39,39,48,16,39,32,16,27,48,47,53,49,36,54,55,56,63]"
j305_5,76,"[0,0,0,0,13,4,4,23,23,13,44,27,59,59,33,33,27,40,34,69,28,9,40,46,56,52,66,69,60,75,46,76]"
j305_6,64,"[0,9,0,0,10,17,20,17,25,8,49,44,11,32,25,11,52,23,24,3,23,39,53,36,33,34,48,44,61,54,54,64]"
j305_7,76,"[0,10,0,0,19,52,22,6,25,36,33,10,34,43,14,30,41,36,61,41,53,19,59,41,51,58,52,53,68,61,66,76]"
j305_8,67,"[0,14,0,0,1,9,27,1,46,8,18,13,17,9,28,36,23,35,25,44,38,51,54,51,9,38,38,37,64,64,57,67]"
j305_9,49,"[0,0,0,0,4,12,12,20,1,10,31,11,29,8,10,16,38,26,26,17,18,11,12,26,18,36,44,44,40,28,47,49]"
j305_10,70,"[0,0,0,0,3,18,30,36,27,13,39,44,46,4,52,16,35,35,50,44,18,54,22,46,54,28,46,27,63,56,57,70]"
j306_1,59,"[0,0,0,0,15,10,10,24,26,18,24,42,27,15,17,22,15,33,40,35,34,41,45,35,21,24,28,47,49,54,52,59]"
j306_2,51,"[0,0,16,0,1,4,26,5,13,13,22,32,21,16,23,13,28,29,7,24,33,24,38,17,39,40,39,44,46,39,49,51]"
j306_3,48,"[0,0,0,0,6,3,11,24,14,14,22,18,9,15,21,32,19,12,16,38,15,28,23,21,41,24,28,36,42,41,42,48]"
j306_4,42,"[0,0,0,9,5,1,1,12,17,11,5,19,14,20,15,20,19,26,27,16,5,26,26,34,5,34,34,34,37,35,37,42]"
j306_5,67,"[0,0,4,0,13,20,23,13,1,30,3,4,13,34,22,17,45,13,37,31,30,38,50,42,49,57,48,51,66,58,59,67]"
j306_6,37,"[0,0,0,0,1,8,17,8,4,19,5,13,1,12,15,12,2,24,19,2,4,8,15,27,16,22,27,28,30,34,32,37]"
j306_7,46,"[0,12,0,0,7,7,29,8,11,11,32,12,20,8,18,13,32,26,25,26,22,31,33,32,38,35,40,20,42,41,43,46]"
j306_8,39,"[0,0,0,0,5,7,12,12,20,5,28,14,2,7,7,23,20,14,12,23,27,30,23,28,29,22,31,36,37,33,37,39]"
j306_9,51,"[0,0,0,0,9,10,6,10,6,20,25,34,17,20,38,13,27,16,26,9,28,27,34,35,10,38,38,39,43,43,43,51]"
j306_10,61,"[0,0,0,0,5,10,4,15,18,25,6,18,10,12,15,23,29,23,37,45,29,35,45,35,25,32,42,42,55,52,45,61]"
j307_1,55,"[0,0,0,0,8,6,12,8,8,16,10,13,20,19,13,26,2,46,22,16,10,11,25,29,22,35,35,11,45,47,45,55]"
j307_2,42,"[0,0,0,0,7,14,8,14,7,3,7,17,16,7,20,31,3,17,16,29,22,25,26,27,31,34,32,32,33,38,41,42]"
j307_3,42,"[0,0,4,0,4,4,4,12,14,14,14,31,14,20,33,22,24,24,26,12,32,32,31,38,26,31,30,35,36,40,37,42]"
j307_4,44,"[0,0,0,0,5,9,11,11,7,16,25,14,14,7,7,28,35,11,17,38,21,22,23,32,27,26,27,31,37,42,41,44]"
j307_5,44,"[0,0,0,0,1,11,1,3,9,1,9,3,13,11,13,15,8,16,17,23,15,30,20,9,26,27,29,34,33,35,39,44]"
j307_6,35,"[0,0,0,0,5,3,8,8,10,1,13,6,31,1,8,6,10,6,13,13,10,10,18,13,14,10,18,23,33,28,22,35]"
j307_7,50,"[0,0,0,0,1,4,14,1,5,14,18,22,31,21,8,24,37,32,38,26,2,18,25,37,43,28,39,34,43,44,46,50]"
j307_8,44,"[0,0,0,0,8,3,3,14,11,15,23,8,19,15,3,32,25,36,24,21,36,32,38,36,26,34,35,24,40,39,43,44]"
j307_9,60,"[0,0,0,0,9,9,2,9,12,14,14,10,18,33,11,24,27,2,41,18,15,41,42,34,38,20,46,42,52,37,56,60]"
j307_10,49,"[0,0,0,0,4,10,15,34,15,17,10,10,20,10,37,15,20,34,26,32,33,34,26,41,31,34,42,45,42,47,20,49]"
j308_1,44,"[0,0,0,0,7,7,6,9,9,11,8,9,9,10,8,23,9,7,10,11,16,24,32,16,25,18,37,31,39,39,34,44]"
j308_2,51,"[0,0,0,0,6,9,29,6,5,13,5,30,13,14,14,21,21,23,20,5,47,19,13,30,15,36,44,37,43,50,42,51]"
j308_3,53,"[0,0,0,0,9,16,5,5,9,4,17,40,4,17,23,14,17,42,9,20,19,29,35,33,41,43,42,20,45,50,50,53]"
j308_4,48,"[0,0,0,0,2,6,2,10,12,8,5,12,5,15,10,2,14,22,33,32,6,16,12,30,26,37,35,36,46,42,44,48]"
j308_5,58,"[0,0,0,0,3,1,5,1,9,18,5,6,3,5,9,13,18,26,26,11,1,32,17,18,30,34,43,31,51,34,52,58]"
j308_6,47,"[0,0,0,0,4,1,4,5,22,11,11,24,19,1,29,4,21,13,32,34,14,31,23,29,34,34,5,35,45,37,44,47]"
j308_7,41,"[0,0,0,0,7,4,12,4,4,7,4,10,24,13,6,29,26,4,19,12,12,21,14,18,24,23,30,29,34,37,31,41]"
j308_8,51,"[0,0,0,0,3,3,4,13,9,13,3,18,18,9,31,30,37,25,19,5,19,34,41,40,44,29,37,36,45,46,35,51]"
j308_9,39,"[0,0,0,0,6,4,1,4,14,11,11,1,5,7,6,14,19,14,20,28,32,19,27,1,14,15,23,30,35,32,31,39]"
j308_10,67,"[0,0,0,0,2,9,9,7,16,22,29,36,16,17,9,29,53,28,36,22,40,29,35,39,45,50,41,51,66,58,60,67]"
j309_1,83,"[0,21,0,0,32,37,8,10,10,15,6,15,28,21,26,52,44,29,49,45,53,67,37,45,58,62,64,10,75,75,69,83]"
j309_2,92,"[0,49,0,7,14,18,18,22,41,52,7,19,24,29,35,59,55,16,68,67,28,82,59,50,76,67,58,23,88,41,80,92]"
j309_3,68,"[0,11,0,42,21,8,26,50,26,8,36,12,32,12,21,21,53,60,36,29,31,52,32,46,25,39,54,55,65,60,62,68]"
j309_4,71,"[0,0,0,4,9,4,15,10,13,48,35,24,21,41,57,22,52,62,25,31,25,61,24,66,31,39,48,27,24,70,63,71]"
j309_5,70,"[0,0,6,9,10,17,10,21,25,9,37,47,17,24,25,49,40,24,14,30,39,49,34,61,39,65,55,62,66,56,69,70]"
j309_6,59,"[0,0,1,10,16,21,1,23,34,49,10,51,15,1,44,36,17,23,42,25,24,26,34,55,26,33,41,50,57,51,58,59]"
j309_7,63,"[0,0,12,4,4,16,29,24,4,33,26,31,16,24,12,45,27,41,48,48,34,49,41,14,55,56,46,47,53,55,58,63]"
j309_8,91,"[0,0,18,0,10,28,35,46,14,46,13,59,38,6,18,55,47,39,67,47,63,85,75,12,75,65,81,28,86,87,90,91]"
j309_9,63,"[0,7,12,0,29,18,7,41,12,11,16,32,32,36,35,22,32,19,37,28,43,41,36,38,55,49,58,55,59,46,62,63]"
j309_10,88,"[0,0,0,30,7,13,15,13,9,20,37,36,23,46,58,50,33,55,77,65,54,69,37,63,77,42,73,69,79,81,86,88]"
j3010_1,42,"[0,0,0,0,6,6,6,10,15,20,9,20,20,37,5,5,10,15,35,21,25,28,30,16,20,35,30,29,40,32,39,42]"
j3010_2,56,"[0,0,0,0,18,7,11,5,20,12,18,15,20,31,17,25,28,9,39,29,27,38,34,38,44,46,39,42,47,53,51,56]"
j3010_3,62,"[0,0,0,0,9,8,10,18,12,21,15,13,16,28,21,32,21,1,30,38,45,30,36,53,44,46,47,37,18,55,53,62]"
j3010_4,58,"[0,0,0,0,13,9,5,21,17,9,27,29,9,32,23,17,37,6,27,29,41,23,46,35,34,37,45,49,50,51,50,58]"
j3010_5,41,"[0,0,0,0,9,10,15,9,1,1,20,13,24,8,15,9,20,26,27,2,23,27,33,16,1,22,36,32,35,38,37,41]"
j3010_6,44,"[0,0,0,0,6,6,21,7,26,4,16,8,7,18,21,30,25,4,12,24,25,24,16,29,36,26,30,33,41,38,27,44]"
j3010_7,49,"[0,0,0,0,15,7,19,7,10,10,20,15,11,11,14,31,36,24,26,17,36,21,27,29,36,28,40,36,43,39,46,49]"
j3010_8,54,"[0,5,0,0,7,25,7,8,30,19,5,8,15,8,22,10,10,24,43,49,30,22,18,33,30,32,33,41,52,43,49,54]"
j3010_9,49,"[0,0,0,0,2,2,2,15,2,10,7,7,7,12,20,20,23,20,21,24,21,10,10,21,40,31,40,43,45,43,43,49]"
j3010_10,41,"[0,0,0,0,9,1,19,7,10,23,10,11,10,12,21,1,13,19,9,13,26,19,22,23,28,27,31,32,39,35,35,41]"
j3011_1,54,"[0,1,0,0,1,1,8,19,7,6,12,17,13,26,24,19,6,13,29,20,19,31,30,38,26,33,42,41,46,46,46,54]"
j3011_2,56,"[0,0,0,0,7,18,12,9,26,9,21,12,17,22,26,36,43,19,25,32,35,43,37,14,27,32,39,47,46,38,50,56]"
j3011_3,81,"[0,0,0,0,49,10,54,17,59,21,25,36,9,17,54,33,21,36,55,59,59,55,72,64,43,49,59,66,77,80,72,81]"
j3011_4,63,"[0,0,0,0,9,8,8,15,22,23,2,23,16,22,32,27,40,28,32,25,36,36,42,32,49,42,46,49,50,53,59,63]"
j3011_5,49,"[0,0,0,14,1,5,13,20,5,1,3,15,31,15,13,23,18,27,23,27,40,23,34,29,40,44,33,39,47,45,44,49]"
j3011_6,44,"[0,7,0,0,4,6,12,7,22,17,12,4,12,14,4,12,12,29,32,21,29,13,27,34,35,40,17,38,34,41,39,44]"
j3011_7,36,"[0,0,0,0,10,2,2,4,17,2,19,4,9,9,13,13,23,13,13,10,13,23,28,19,32,30,6,22,28,32,33,36]"
j3011_8,62,"[0,0,0,0,7,7,16,25,23,25,54,16,23,28,31,23,37,43,12,8,35,43,35,27,43,44,53,45,56,56,53,62]"
j3011_9,67,"[0,0,0,0,7,3,8,6,13,14,23,22,26,28,26,23,8,13,17,3,28,28,36,22,45,31,45,54,63,52,65,67]"
j3011_10,38,"[0,0,0,7,4,4,3,4,10,3,10,7,14,22,14,15,25,17,22,13,25,35,20,26,25,35,22,29,37,32,26,38]"
j3012_1,47,"[0,0,0,0,8,8,8,18,2,4,18,4,18,11,24,24,9,4,23,30,35,18,23,32,36,29,30,33,40,40,39,47]"
j3012_2,46,"[0,0,0,0,8,15,8,6,12,16,21,12,6,21,3,21,28,16,21,29,17,20,40,28,29,21,34,36,38,36,43,46]"
j3012_3,37,"[0,0,0,0,2,2,4,9,2,7,2,13,26,7,7,16,19,4,25,20,23,17,26,25,31,16,22,23,31,33,31,37]"
j3012_4,63,"[0,0,0,0,9,9,37,50,5,5,23,52,10,12,15,10,19,26,38,38,22,28,44,37,44,26,39,43,61,53,57,63]"
j3012_5,47,"[0,0,0,0,1,1,11,11,11,1,3,38,25,10,3,6,33,16,20,29,21,38,24,11,41,29,34,38,42,40,39,47]"
j3012_6,53,"[0,0,0,0,10,10,20,10,21,8,20,21,17,26,31,20,4,35,13,33,27,13,34,43,23,32,40,44,44,43,51,53]"
j3012_7,55,"[0,0,0,0,6,9,7,22,16,9,12,6,24,6,16,17,20,7,30,17,32,30,45,40,35,16,22,33,45,47,48,55]"
j3012_8,35,"[0,0,0,0,3,3,3,6,8,8,6,6,8,16,6,16,16,11,8,11,8,9,16,20,25,16,26,25,27,27,27,35]"
j3012_9,52,"[0,0,0,0,2,2,5,8,7,7,5,5,13,13,17,6,21,23,15,22,17,26,41,42,30,24,39,38,45,51,43,52]"
j3012_10,57,"[0,0,0,0,9,9,15,8,8,8,17,19,53,9,19,19,50,22,23,19,39,50,32,39,43,46,53,53,49,56,55,57]"
j3013_1,,
j3013_2,,
j3013_3,,
j3013_4,72,"[0,0,10,0,8,20,16,18,32,26,39,42,26,45,59,49,51,32,45,59,52,53,62,63,63,54,70,38,63,69,71,72]"
j3013_5,,
j3013_6,,
j3013_7,,
j3013_8,106,"[0,0,0,10,10,15,24,33,39,33,40,57,15,49,71,39,56,46,71,65,80,77,81,56,90,80,91,66,98,87,99,106]"
j3013_9,71,"[0,0,0,10,10,2,15,18,64,19,39,29,48,23,10,52,49,50,20,21,35,40,52,60,29,42,59,62,68,67,62,71]"
j3013_10,64,"[0,0,0,13,6,14,24,22,23,14,50,1,34,37,15,12,44,48,5,34,18,32,37,50,28,50,34,52,59,61,63,64]"
j3014_1,50,"[0,35,0,0,2,6,2,10,6,16,10,10,12,9,19,17,24,17,7,12,29,20,27,26,37,38,45,35,41,47,45,50]"
j3014_2,53,"[0,0,0,0,3,10,11,9,17,16,27,17,11,34,17,26,33,27,27,31,7,28,28,38,9,41,40,42,44,50,41,53]"
j3014_3,58,"[0,0,0,10,10,15,23,17,26,9,29,9,25,27,34,42,12,27,47,32,41,45,34,27,14,31,51,41,50,53,48,58]"
j3014_4,50,"[0,0,5,0,6,10,14,17,6,8,16,17,19,20,10,21,26,21,22,23,25,36,17,32,31,40,42,32,31,46,46,50]"
j3014_5,52,"[0,0,8,0,2,14,2,9,28,9,12,6,15,20,44,17,30,31,21,16,28,16,40,29,18,22,29,34,45,50,43,52]"
j3014_6,35,"[0,0,0,0,6,3,10,3,8,4,14,10,7,5,10,12,11,16,13,16,19,21,21,21,27,28,21,27,30,29,29,35]"
j3014_7,50,"[0,0,0,0,2,5,5,13,4,11,9,24,20,21,30,16,24,11,27,38,27,36,36,21,31,31,45,41,44,48,45,50]"
j3014_8,54,"[0,0,0,0,40,7,33,7,16,23,23,9,12,18,35,16,33,24,15,28,15,38,20,40,27,40,35,44,41,50,53,54]"
j3014_9,46,"[0,30,0,0,5,13,5,5,18,9,14,14,21,27,32,22,33,10,39,21,30,23,30,39,28,33,43,40,45,43,44,46]"
j3014_10,61,"[0,0,0,0,14,30,9,27,5,20,20,52,27,17,18,27,27,46,36,1,37,36,46,44,40,5,52,48,56,53,53,61]"
j3015_1,46,"[0,0,0,0,2,10,3,10,4,13,3,7,2,23,15,19,9,8,26,35,26,23,29,36,30,24,43,42,44,45,45,46]"
j3015_2,47,"[0,0,0,0,26,6,8,8,15,6,23,10,10,14,9,19,6,15,24,22,7,7,32,11,28,19,23,36,33,44,37,47]"
j3015_3,48,"[0,0,0,0,20,10,3,10,9,17,22,10,18,7,18,15,22,23,13,23,25,33,19,27,28,22,26,26,38,46,46,48]"
j3015_4,48,"[0,0,0,0,3,7,7,11,10,11,21,10,6,10,18,6,6,27,16,11,27,18,15,40,24,37,39,38,47,45,45,48]"
j3015_5,58,"[0,0,0,0,6,8,15,6,15,23,21,18,33,30,16,38,24,24,24,32,37,38,15,36,36,33,46,40,55,49,52,58]"
j3015_6,67,"[0,0,0,0,6,6,6,4,13,6,21,21,17,29,36,17,31,4,48,8,13,45,39,46,11,23,55,36,52,63,65,67]"
j3015_7,47,"[0,0,0,0,9,13,6,2,2,6,13,16,27,16,16,17,21,30,19,19,24,15,28,35,40,31,40,45,46,43,43,47]"
j3015_8,50,"[0,27,0,0,1,8,10,1,10,17,19,8,21,8,14,11,27,31,17,22,33,26,21,36,27,36,42,44,49,49,36,50]"
j3015_9,54,"[0,0,0,0,6,16,11,6,13,16,11,25,11,46,27,8,17,36,21,30,30,21,21,26,31,29,39,44,48,46,46,54]"
j3015_10,65,"[0,0,0,0,6,4,12,22,25,5,12,25,32,33,20,20,29,35,12,23,43,17,51,22,43,29,35,48,55,55,46,65]"
j3016_1,51,"[0,0,0,0,8,2,18,18,22,28,1,8,1,19,26,7,31,37,11,29,39,32,8,38,41,39,44,48,43,49,49,51]"
j3016_2,48,"[0,0,0,0,5,5,9,9,10,18,18,28,5,27,10,9,28,17,18,13,33,38,20,36,41,31,40,18,44,32,39,48]"
j3016_3,36,"[0,0,0,0,1,5,5,8,11,8,5,8,11,5,9,11,22,12,1,11,20,18,5,11,25,22,27,19,26,29,30,36]"
j3016_4,47,"[0,0,0,0,32,1,4,6,6,6,7,1,8,7,10,26,10,33,17,32,33,27,16,10,38,24,34,32,43,41,38,47]"
j3016_5,51,"[0,0,0,0,7,8,8,34,23,13,7,9,20,8,15,1,25,27,34,35,12,45,34,22,29,37,44,34,42,48,49,51]"
j3016_6,51,"[0,0,0,0,7,13,13,9,13,36,7,39,16,9,7,21,9,36,39,36,14,24,32,40,14,44,14,39,45,44,47,51]"
j3016_7,34,"[0,0,0,0,2,3,9,2,3,10,13,10,23,5,3,15,2,5,25,12,22,19,11,26,25,26,30,26,33,29,32,34]"
j3016_8,44,"[0,0,0,0,1,1,3,1,2,30,11,3,2,2,4,11,14,15,14,29,18,11,38,19,17,25,34,30,34,40,40,44]"
j3016_9,44,"[0,0,0,0,5,6,5,5,16,4,7,16,6,8,38,26,6,26,28,30,35,16,38,7,16,38,16,42,40,43,37,44]"
j3016_10,51,"[0,0,0,0,4,6,16,6,6,19,7,42,37,10,11,11,14,21,31,29,31,7,37,37,36,42,16,33,43,42,49,51]"
j3017_1,64,"[0,0,0,0,26,5,15,21,13,35,33,15,2,23,5,26,27,45,35,13,9,45,35,54,58,51,35,55,57,63,48,64]"
j3017_2,68,"[0,0,0,0,7,14,23,29,7,39,39,10,25,5,22,37,29,13,45,26,55,33,10,33,36,61,53,55,58,66,62,68]"
j3017_3,60,"[0,0,0,0,7,17,22,17,22,27,22,17,17,44,31,31,31,36,40,36,44,33,36,42,45,43,47,49,52,59,53,60]"
j3017_4,49,"[0,0,0,0,8,16,2,7,16,19,11,19,33,28,8,24,21,26,36,11,35,28,11,39,46,33,31,39,47,47,47,49]"
j3017_5,47,"[0,3,0,0,5,6,13,1,5,23,25,1,4,6,29,23,13,5,23,13,13,23,29,32,32,38,29,38,40,44,42,47]"
j3017_6,63,"[0,0,0,0,3,4,17,4,3,10,14,21,22,14,15,23,11,39,24,33,4,50,32,46,42,33,41,45,53,53,54,63]"
j3017_7,57,"[0,0,0,0,9,1,9,9,9,20,26,19,16,17,29,9,23,29,29,36,37,31,10,41,49,42,32,40,50,53,47,57]"
j3017_8,61,"[0,0,0,0,1,5,16,5,27,23,5,8,8,15,36,17,15,23,24,23,32,40,42,42,49,43,44,50,52,53,53,61]"
j3017_9,48,"[0,0,0,0,3,9,3,7,16,9,34,16,23,31,12,16,25,27,32,22,11,16,26,33,33,36,43,41,44,39,37,48]"
j3017_10,66,"[0,0,0,0,10,9,16,12,51,24,37,5,11,9,21,10,10,46,16,16,24,33,37,35,34,53,40,49,56,56,56,66]"
j3018_1,53,"[0,0,0,0,8,17,9,4,13,8,8,14,17,24,14,17,19,17,33,36,22,31,30,24,34,34,42,42,37,40,52,53]"
j3018_2,55,"[0,0,0,0,3,9,7,9,7,21,13,33,19,7,12,29,27,27,35,21,36,23,32,23,32,38,43,43,51,51,51,55]"
j3018_3,56,"[0,0,0,0,5,1,1,32,30,13,21,12,38,27,6,1,27,30,28,33,43,38,38,35,38,41,44,48,51,51,47,56]"
j3018_4,70,"[0,0,3,0,11,11,3,20,26,14,20,26,7,27,16,20,28,30,20,33,41,40,36,26,40,49,51,52,60,49,61,70]"
j3018_5,52,"[0,0,0,0,2,2,4,6,9,9,16,30,2,19,4,37,4,14,27,18,32,18,29,18,22,42,41,37,48,47,47,52]"
j3018_6,62,"[0,0,0,0,10,2,6,19,20,18,6,8,10,28,10,25,32,18,18,29,33,19,33,30,45,36,43,55,61,55,48,62]"
j3018_7,48,"[0,5,0,0,8,8,8,13,15,13,21,12,15,21,27,21,21,28,19,29,5,10,18,41,28,28,35,36,44,44,41,48]"
j3018_8,52,"[0,0,0,0,2,4,4,6,4,13,13,8,18,6,15,13,22,3,18,28,16,25,28,35,20,28,39,32,39,42,42,52]"
j3018_9,47,"[0,0,0,0,2,17,7,10,10,10,3,13,23,9,17,7,32,23,15,17,26,24,33,13,28,28,37,34,46,44,44,47]"
j3018_10,49,"[0,0,0,0,3,1,1,14,5,11,14,17,22,14,6,25,23,9,28,23,16,26,25,31,37,37,15,37,44,47,37,49]"
j3019_1,40,"[0,0,6,0,5,7,6,6,7,10,14,10,11,13,17,13,17,17,17,22,21,24,24,28,29,29,21,30,34,30,34,40]"
j3019_2,58,"[0,0,0,0,5,5,5,6,11,12,35,26,16,16,12,25,6,39,15,28,34,15,35,42,42,35,37,40,52,48,50,58]"
j3019_3,83,"[0,0,0,0,6,17,6,12,9,17,15,27,27,30,37,44,6,66,57,44,44,54,64,37,41,69,60,67,76,79,77,83]"
j3019_4,39,"[0,0,0,0,10,1,4,13,13,19,10,18,4,24,24,27,19,4,23,32,18,28,29,19,19,19,29,24,37,34,37,39]"
j3019_5,48,"[0,0,0,0,4,13,10,20,5,10,13,21,36,21,15,32,24,22,13,23,25,24,27,19,29,42,34,29,45,39,45,48]"
j3019_6,49,"[0,0,0,0,3,13,3,23,13,5,8,13,2,18,11,23,16,16,35,23,3,35,20,23,26,43,24,36,43,41,48,49]"
j3019_7,57,"[0,0,7,0,10,14,15,17,25,7,7,14,22,26,14,32,10,23,27,37,22,31,32,37,19,37,38,32,36,47,48,57]"
j3019_8,55,"[0,8,0,0,5,2,8,5,24,13,22,29,19,7,9,5,17,20,39,13,22,48,26,30,29,37,39,29,49,52,45,55]"
j3019_9,38,"[0,0,15,0,3,12,16,16,16,7,7,3,24,23,32,34,15,26,15,24,27,29,22,31,24,36,27,28,37,36,37,38]"
j3019_10,47,"[0,0,0,0,1,8,7,7,21,11,21,26,30,7,36,24,29,18,30,29,11,27,30,28,38,41,39,40,42,44,45,47]"
j3020_1,57,"[0,0,0,0,8,8,15,7,15,8,15,8,20,20,8,18,23,32,39,23,37,46,45,14,22,29,38,43,51,48,51,57]"
j3020_2,70,"[0,0,0,0,6,13,6,9,9,9,19,13,27,35,27,27,53,37,43,40,6,55,43,49,37,52,57,56,63,62,69,70]"
j3020_3,49,"[0,0,0,0,8,3,7,8,10,7,3,13,19,10,19,19,31,24,28,20,27,32,29,40,36,27,10,38,45,12,42,49]"
j3020_4,43,"[0,0,0,0,3,9,3,13,9,16,9,9,13,14,15,16,10,6,12,25,26,23,27,25,21,30,27,35,36,34,39,43]"
j3020_5,61,"[0,0,0,0,4,11,4,11,2,11,2,13,13,13,17,13,19,46,19,19,54,27,19,27,5,37,45,47,58,57,57,61]"
j3020_6,51,"[0,0,0,0,5,8,14,15,5,8,8,18,20,22,15,30,31,23,30,40,15,14,31,41,20,31,5,41,23,40,43,51]"
j3020_7,42,"[0,0,0,0,6,11,11,3,9,19,12,21,6,14,14,15,21,33,37,14,22,30,11,24,21,29,31,36,41,41,33,42]"
j3020_8,51,"[0,0,0,0,6,2,9,2,9,16,11,14,24,13,17,24,15,2,8,20,14,23,23,26,39,25,35,44,48,50,49,51]"
j3020_9,41,"[0,0,0,0,4,1,8,4,10,4,4,4,8,11,12,10,13,12,22,31,22,13,31,11,36,25,37,36,40,40,39,41]"
j3020_10,37,"[0,0,0,0,9,3,9,9,10,14,16,10,14,8,14,20,14,24,24,32,24,12,24,32,25,34,13,31,35,36,35,37]"
j3021_1,84,"[0,0,12,0,5,15,25,12,43,5,26,33,31,2,25,26,46,54,35,60,33,52,46,57,57,64,51,72,71,66,74,84]"
j3021_2,59,"[0,0,0,2,11,16,12,12,24,8,14,18,11,14,24,33,16,25,38,32,23,36,42,42,46,44,50,54,56,43,54,59]"
j3021_3,76,"[0,0,0,0,9,4,12,12,22,32,2,22,44,45,22,59,32,45,8,9,51,64,38,12,38,49,54,59,66,54,66,76]"
j3021_4,70,"[0,9,0,0,10,2,17,19,26,15,9,25,32,19,18,27,25,40,35,41,51,52,60,40,44,59,49,59,66,66,66,70]"
j3021_5,55,"[0,0,0,0,3,3,11,12,21,8,26,25,33,11,28,27,33,14,41,16,21,41,37,47,25,38,48,43,49,49,49,55]"
j3021_6,76,"[0,0,0,48,9,15,19,19,15,5,33,25,29,28,9,29,19,16,57,29,30,44,47,39,58,44,53,53,60,67,70,76]"
j3021_7,65,"[0,0,0,17,9,25,9,12,5,16,41,15,23,18,46,35,48,25,47,47,39,34,33,49,25,48,34,43,59,50,55,65]"
j3021_8,62,"[0,0,0,0,1,14,10,7,20,13,17,10,12,26,20,32,37,27,37,31,32,33,42,41,41,54,50,46,56,57,57,62]"
j3021_9,69,"[0,0,0,43,10,16,10,8,10,16,35,19,24,21,14,43,56,18,18,25,34,37,50,60,24,40,52,49,50,59,65,69]"
j3021_10,69,"[0,0,0,0,7,29,22,7,17,28,38,9,43,14,38,29,48,6,37,43,52,52,12,48,55,61,19,58,63,61,63,69]"
j3022_1,42,"[0,0,2,0,10,16,4,10,4,9,13,12,12,15,18,20,13,17,14,19,24,19,25,24,27,27,6,31,32,32,39,42]"
j3022_2,45,"[0,0,0,0,5,7,5,7,7,8,12,10,19,15,5,17,17,25,17,24,33,33,32,12,25,37,38,36,42,42,41,45]"
j3022_3,63,"[0,0,0,0,10,10,16,16,23,26,47,23,16,16,26,10,6,31,31,47,10,39,35,20,26,42,48,44,54,53,55,63]"
j3022_4,42,"[0,0,0,0,4,3,4,4,12,4,26,13,7,14,22,14,14,17,15,23,10,31,23,30,10,29,32,21,38,32,33,42]"
j3022_5,52,"[0,0,5,0,10,5,18,16,20,10,32,20,41,26,12,27,21,13,30,38,33,32,21,43,41,27,38,45,48,47,46,52]"
j3022_6,52,"[0,0,0,0,10,20,7,7,11,3,17,11,6,17,30,27,32,23,17,21,23,32,22,14,40,36,36,40,42,43,43,52]"
j3022_7,60,"[0,8,0,4,1,1,6,3,8,8,1,38,14,21,15,15,23,21,36,29,37,23,32,38,30,40,45,47,54,36,51,60]"
j3022_8,55,"[0,0,0,8,6,10,13,11,10,13,20,18,19,35,20,25,26,22,28,11,6,36,34,26,42,39,42,26,52,49,44,55]"
j3022_9,76,"[0,0,0,0,10,6,18,10,11,28,17,6,28,18,37,21,61,68,65,43,51,24,65,33,21,60,59,65,75,71,70,76]"
j3022_10,55,"[0,0,0,0,6,2,15,6,2,25,10,25,30,20,32,18,1,29,30,18,15,29,20,28,33,29,41,39,46,47,37,55]"
j3023_1,63,"[0,0,0,0,4,10,5,15,5,15,22,18,4,10,31,19,15,31,18,30,40,19,26,40,50,46,47,50,58,53,54,63]"
j3023_2,53,"[0,0,0,0,3,3,3,9,9,5,13,9,1,32,3,18,8,4,11,22,29,36,32,25,27,37,35,38,49,45,48,53]"
j3023_3,46,"[0,0,0,0,4,4,4,12,15,11,7,16,31,22,10,22,38,13,26,20,32,31,23,32,29,20,37,40,45,41,41,46]"
j3023_4,65,"[0,6,0,0,10,11,18,18,23,11,31,23,15,48,29,53,25,32,32,36,31,36,52,53,39,53,36,48,55,58,56,65]"
j3023_5,52,"[0,0,0,0,4,7,14,4,25,7,4,14,4,5,22,13,33,26,26,15,38,22,23,31,22,32,38,41,42,48,41,52]"
j3023_6,48,"[0,0,0,6,13,10,15,13,2,17,4,4,17,4,10,33,24,24,38,33,6,23,17,23,31,37,36,39,38,44,45,48]"
j3023_7,60,"[0,11,0,0,21,10,11,23,11,15,21,25,15,29,27,33,50,32,31,35,23,45,10,32,44,45,41,50,50,57,42,60]"
j3023_8,48,"[0,0,0,0,3,9,8,8,9,12,13,21,23,9,23,21,23,30,31,9,36,10,26,35,40,21,24,35,39,43,45,48]"
j3023_9,63,"[0,0,0,0,4,5,6,20,15,2,2,25,12,15,35,16,20,23,25,27,25,24,10,30,40,39,40,48,54,54,53,63]"
j3023_10,61,"[0,0,0,0,10,13,6,13,8,8,10,23,35,23,33,23,39,38,44,14,48,40,33,35,49,46,42,47,55,52,57,61]"
j3024_1,53,"[0,0,0,0,7,7,7,15,15,22,17,18,29,18,32,41,18,39,1,27,30,20,30,24,28,27,30,40,48,45,43,53]"
j3024_2,58,"[0,0,0,0,10,10,3,14,31,14,3,14,3,22,29,22,12,23,30,36,19,27,20,37,31,40,35,43,52,48,57,58]"
j3024_3,69,"[0,0,0,0,10,20,29,8,20,9,25,5,13,13,20,28,36,36,45,28,35,55,40,36,46,10,45,47,61,67,36,69]"
j3024_4,53,"[0,0,0,0,5,1,1,1,5,16,15,5,15,2,21,24,34,5,21,22,8,30,5,32,28,32,37,36,45,30,37,53]"
j3024_5,51,"[0,0,0,0,8,11,17,9,25,5,6,9,6,17,35,11,17,17,24,17,28,24,35,35,35,35,45,43,48,49,43,51]"
j3024_6,56,"[0,0,0,0,10,1,5,15,8,42,24,1,24,16,4,17,14,32,14,11,46,10,15,32,24,33,42,36,46,24,48,56]"
j3024_7,44,"[0,0,0,0,1,1,7,6,1,6,21,11,21,11,3,16,19,14,22,34,21,34,14,31,31,7,34,38,40,42,42,44]"
j3024_8,38,"[0,0,0,0,3,8,9,3,9,10,11,3,17,26,9,10,8,15,15,12,27,20,27,34,20,14,26,29,37,31,29,38]"
j3024_9,43,"[0,0,0,0,3,8,8,8,16,13,21,18,21,23,16,23,4,33,31,29,10,11,20,26,24,32,28,36,35,36,41,43]"
j3024_10,53,"[0,0,0,0,8,8,5,7,5,11,11,19,19,40,11,18,13,47,20,15,11,28,19,35,35,39,29,39,49,48,45,53]"
j3025_1,93,"[0,0,9,20,19,16,44,9,29,32,22,30,28,22,67,57,38,53,16,60,36,47,74,67,44,78,47,88,91,87,51,93]"
j3025_2,75,"[0,4,0,4,8,25,15,18,16,31,8,20,31,12,34,25,10,45,31,45,34,44,38,54,55,51,52,60,66,49,55,75]"
j3025_3,76,"[0,0,0,16,7,7,30,10,30,25,26,9,30,39,47,57,44,64,9,16,47,36,58,29,48,64,68,71,73,75,67,76]"
j3025_4,81,"[0,19,8,0,30,8,12,22,31,12,38,31,44,14,54,42,47,24,34,66,58,58,37,63,33,76,70,42,76,60,80,81]"
j3025_5,72,"[0,0,0,0,31,8,11,7,16,23,7,47,41,39,44,31,16,45,60,52,51,59,59,51,61,19,65,63,71,69,69,72]"
j3025_6,58,"[0,0,7,0,16,33,22,12,10,7,22,32,14,16,43,37,12,28,32,21,22,46,28,22,47,36,37,50,53,57,55,58]"
j3025_7,95,"[0,20,0,20,30,4,4,13,20,28,35,43,53,27,30,37,57,43,47,53,67,58,68,64,80,34,73,69,76,87,86,95]"
j3025_8,69,"[0,0,8,0,5,1,5,14,27,17,35,11,20,30,45,35,52,45,20,41,60,51,52,33,60,50,59,59,67,68,63,69]"
j3025_9,84,"[0,0,7,1,7,14,20,18,1,14,22,37,23,48,24,28,35,56,33,23,37,31,46,50,46,46,66,56,76,64,72,84]"
j3025_10,58,"[0,0,6,0,17,15,44,25,2,6,8,10,12,19,11,24,29,38,28,19,30,27,39,31,43,31,48,50,51,51,57,58]"
j3026_1,59,"[0,0,9,0,9,15,11,23,12,15,15,23,29,15,34,23,32,45,32,46,48,40,38,45,25,29,52,42,56,46,54,59]"
j3026_2,40,"[0,0,0,0,4,3,24,3,4,6,9,3,12,10,28,7,5,24,17,4,10,14,24,29,29,31,36,26,33,37,36,40]"
j3026_3,58,"[0,0,3,0,2,3,8,10,15,15,24,25,15,20,21,32,32,41,44,51,22,51,32,42,41,45,8,52,55,56,52,58]"
j3026_4,62,"[0,0,0,0,1,7,10,3,10,13,20,20,28,26,36,3,20,20,31,30,38,28,42,37,13,44,40,45,55,52,55,62]"
j3026_5,74,"[0,0,0,0,3,10,19,10,18,3,6,18,21,31,24,28,24,36,29,38,37,33,48,38,43,46,49,56,56,48,65,74]"
j3026_6,53,"[0,0,0,0,4,7,14,20,32,7,7,16,16,16,27,40,22,32,33,33,39,40,18,43,37,42,44,45,46,47,45,53]"
j3026_7,56,"[0,0,0,0,8,14,14,17,9,26,39,32,30,16,30,24,45,18,21,37,22,39,33,40,39,40,49,46,49,51,49,56]"
j3026_8,66,"[0,0,0,0,2,22,2,10,13,1,13,11,19,13,23,21,22,34,40,11,26,31,27,45,36,41,47,51,56,38,58,66]"
j3026_9,43,"[0,0,14,0,22,7,10,14,20,10,20,18,25,24,19,34,29,28,23,31,24,34,34,31,35,35,35,36,42,40,36,43]"
j3026_10,49,"[0,0,0,0,11,3,9,7,14,9,39,23,23,19,18,3,27,6,17,30,6,27,25,42,33,41,33,37,43,47,43,49]"
j3027_1,43,"[0,4,0,0,10,6,4,7,7,7,16,26,20,16,24,16,26,28,24,16,16,31,18,38,33,38,35,28,39,42,32,43]"
j3027_2,58,"[0,0,0,0,2,9,9,3,16,22,2,19,16,30,32,19,13,19,3,42,26,28,10,30,42,42,46,20,50,49,48,58]"
j3027_3,60,"[0,0,0,0,1,13,7,22,23,13,5,38,17,13,27,20,44,8,24,20,20,22,27,43,36,41,32,42,53,52,52,60]"
j3027_4,64,"[0,5,0,0,5,13,10,15,13,16,26,15,22,22,16,39,34,43,30,55,30,38,38,43,52,57,5,39,59,54,63,64]"
j3027_5,49,"[0,28,0,0,9,9,9,19,19,6,19,24,6,14,20,25,20,10,28,29,30,34,37,33,30,38,39,41,47,39,40,49]"
j3027_6,59,"[0,16,0,0,3,3,5,9,15,18,25,10,29,17,26,28,15,25,50,22,29,29,32,34,30,34,44,44,54,56,49,59]"
j3027_7,49,"[0,0,0,0,9,7,7,10,14,7,20,20,17,22,14,8,29,17,32,21,26,24,33,29,33,36,42,20,38,44,48,49]"
j3027_8,66,"[0,0,13,0,4,20,12,6,20,4,12,6,12,25,18,12,32,28,20,31,25,32,40,39,58,50,21,55,58,57,63,66]"
j3027_9,55,"[0,0,0,0,6,20,10,16,13,8,25,16,26,13,28,20,33,6,44,22,33,26,13,33,23,28,46,37,47,46,54,55]"
j3027_10,62,"[0,0,0,0,7,11,10,10,7,39,3,17,17,16,6,44,25,35,51,7,42,45,39,53,40,47,44,56,52,58,61,62]"
j3028_1,69,"[0,0,0,0,9,9,17,17,21,1,20,13,22,30,24,4,30,35,17,30,55,40,59,42,41,55,50,21,59,66,64,69]"
j3028_2,57,"[0,0,0,0,3,1,5,7,3,17,10,1,7,21,36,47,30,32,37,17,43,26,37,7,47,37,38,47,48,55,50,57]"
j3028_3,40,"[0,0,0,0,8,9,2,12,18,8,2,2,11,17,19,11,18,19,17,12,32,28,32,27,24,31,31,35,37,36,34,40]"
j3028_4,49,"[0,0,0,0,8,6,14,9,8,20,22,8,14,22,14,6,35,29,22,15,18,20,36,42,34,41,32,40,45,44,45,49]"
j3028_5,73,"[0,0,0,0,9,9,16,10,10,18,16,26,29,27,14,14,37,57,27,55,26,43,61,31,52,56,66,68,65,70,70,73]"
j3028_6,55,"[0,0,0,0,5,12,17,5,12,17,25,25,29,15,29,8,38,26,12,45,25,37,38,47,47,32,45,52,51,53,17,55]"
j3028_7,48,"[0,0,0,0,8,9,9,11,13,13,13,7,13,22,21,21,9,26,24,32,14,32,35,37,23,33,37,33,45,42,44,48]"
j3028_8,53,"[0,0,0,0,12,2,12,2,11,21,31,2,11,18,37,8,2,31,12,38,23,38,42,12,33,31,45,40,52,46,47,53]"
j3028_9,62,"[0,0,0,0,6,8,7,15,15,10,8,25,25,25,6,23,17,19,7,28,33,29,33,33,39,33,41,45,58,52,54,62]"
j3028_10,59,"[0,0,0,0,5,3,5,11,5,15,13,5,6,43,7,38,9,37,43,47,20,48,15,30,36,48,43,43,57,52,51,59]"
j3029_1,85,"[0,4,0,0,20,9,13,15,13,28,19,47,47,15,26,35,35,32,26,67,76,44,67,45,46,52,58,77,82,57,83,85]"
j3029_2,,
j3029_3,,
j3029_4,,
j3029_5,98,"[0,54,0,2,5,2,12,23,15,39,61,25,45,36,19,54,77,35,63,29,75,45,92,64,85,87,72,82,92,90,94,98]"
j3029_6,,
j3029_7,73,"[0,4,0,0,7,12,15,12,4,9,12,46,49,26,39,4,35,11,41,32,55,61,22,57,46,31,69,59,61,71,69,73]"
j3029_8,,
j3029_9,97,"[0,4,0,0,22,31,27,4,12,54,57,36,12,44,68,17,22,75,38,38,44,60,48,75,27,84,67,90,94,84,96,97]"
j3029_10,76,"[0,13,1,0,1,10,17,7,29,11,13,22,26,40,11,57,26,33,47,49,15,35,33,50,59,40,57,61,74,54,68,76]"
j3030_1,47,"[0,0,0,0,10,20,16,5,23,10,6,14,25,7,16,2,25,11,41,29,24,24,32,34,25,29,38,35,43,41,38,47]"
j3030_2,68,"[0,0,0,14,8,8,10,37,20,21,26,48,19,17,29,26,26,40,39,45,40,36,52,43,60,52,43,54,51,67,62,68]"
j3030_3,55,"[0,36,0,0,1,10,10,15,13,1,22,9,23,13,23,19,23,31,36,31,31,34,40,40,42,47,44,46,49,47,50,55]"
j3030_4,53,"[0,0,0,0,7,7,19,14,27,23,14,18,22,19,12,42,34,16,7,25,16,35,26,29,36,41,40,35,46,46,46,53]"
j3030_5,54,"[0,0,0,0,5,9,10,8,16,19,20,5,24,20,30,13,16,30,27,24,27,36,31,28,42,41,36,45,44,46,53,54]"
j3030_6,62,"[0,0,0,0,5,20,4,1,10,1,24,14,14,18,34,28,24,11,34,30,49,30,34,38,39,42,55,46,56,56,57,62]"
j3030_7,68,"[0,0,0,0,6,10,15,10,25,15,8,25,46,31,35,35,14,29,21,39,45,41,54,58,51,44,52,54,54,58,62,68]"
j3030_8,46,"[0,0,0,0,7,17,1,24,7,17,8,26,23,33,7,8,25,34,25,35,17,38,42,26,37,40,43,43,44,45,45,46]"
j3030_9,46,"[0,0,0,0,2,13,3,9,2,19,9,12,2,21,35,40,17,22,10,19,29,9,26,13,26,34,23,29,37,38,41,46]"
j3030_10,53,"[0,0,0,0,8,8,6,22,17,39,24,29,6,48,15,16,27,33,36,17,33,11,17,29,42,44,31,42,46,48,50,53]"
j3031_1,43,"[0,0,0,0,1,7,5,14,10,1,7,9,5,6,14,15,8,15,8,21,18,18,21,22,26,28,28,22,40,37,35,43]"
j3031_2,63,"[0,0,0,0,7,1,11,1,7,9,17,7,1,18,12,17,15,13,21,26,14,51,26,34,41,18,51,52,61,59,54,63]"
j3031_3,58,"[0,0,0,0,10,13,10,16,13,26,18,16,16,26,21,34,9,21,26,34,31,34,43,51,43,31,50,48,52,53,52,58]"
j3031_4,50,"[0,0,0,0,8,8,17,8,16,2,17,14,16,16,10,20,26,20,28,27,25,22,31,29,31,31,32,47,34,49,42,50]"
j3031_5,52,"[0,0,0,0,4,6,8,6,2,9,13,12,19,19,15,25,25,30,12,19,23,27,41,24,28,27,37,34,33,46,43,52]"
j3031_6,53,"[0,0,0,0,10,10,3,12,12,20,43,18,10,13,18,45,18,21,22,20,23,37,31,50,46,37,44,48,50,45,52,53]"
j3031_7,61,"[0,8,0,0,27,8,17,5,21,9,18,27,37,23,17,23,31,30,22,36,11,32,47,54,40,36,32,48,54,60,55,61]"
j3031_8,58,"[0,13,0,0,4,12,21,24,4,21,7,24,33,27,37,14,31,12,37,44,18,51,46,46,40,54,42,49,55,50,56,58]"
j3031_9,50,"[0,11,0,0,9,9,5,18,26,9,11,11,24,21,17,27,22,26,30,18,33,26,35,36,41,29,39,31,48,49,47,50]"
j3031_10,55,"[0,6,0,0,6,2,11,16,3,14,21,22,2,19,23,22,22,28,32,39,29,23,34,45,37,42,47,29,49,46,48,55]"
j3032_1,61,"[0,0,0,0,5,5,14,9,14,9,24,22,9,22,39,31,12,22,22,39,45,41,42,32,41,42,44,46,53,56,56,61]"
j3032_2,60,"[0,0,0,0,9,10,9,10,20,30,15,19,29,19,34,20,36,8,22,19,34,30,38,46,47,34,47,52,53,52,54,60]"
j3032_3,57,"[0,0,0,0,9,9,10,10,9,9,10,19,18,18,21,21,27,23,15,27,23,34,32,35,27,41,40,49,53,47,48,57]"
j3032_4,68,"[0,0,0,0,10,20,20,29,36,36,42,10,42,44,10,20,45,29,62,36,46,46,58,29,54,58,52,62,63,64,63,68]"
j3032_5,54,"[0,0,0,0,10,6,11,9,16,11,42,10,28,16,34,23,21,33,15,29,34,19,36,33,41,37,42,46,52,53,51,54]"
j3032_6,44,"[0,0,0,0,5,8,8,8,5,9,5,9,10,15,8,16,16,18,16,20,22,21,33,24,32,35,36,26,38,36,39,44]"
j3032_7,35,"[0,0,0,0,1,3,3,3,2,7,7,1,2,9,18,12,15,25,28,1,28,7,12,12,18,21,21,29,31,27,26,35]"
j3032_8,54,"[0,0,0,0,9,10,10,12,20,20,9,49,15,19,18,28,19,35,39,20,20,30,32,39,35,43,41,40,50,45,49,54]"
j3032_9,65,"[0,0,0,0,10,10,10,10,9,13,24,20,19,13,10,30,26,30,13,31,16,30,54,54,53,35,44,54,57,56,62,65]"
j3032_10,51,"[0,0,0,0,3,5,13,4,13,14,5,6,5,13,30,36,14,32,37,23,16,40,6,41,39,21,30,36,47,43,42,51]"
j3033_1,65,"[0,8,0,0,4,4,10,10,17,19,19,11,20,29,24,24,20,30,32,40,48,35,47,50,34,44,50,44,55,54,57,65]"
j3033_2,60,"[0,7,0,0,7,7,7,13,22,17,29,14,26,23,27,29,25,37,34,35,27,39,29,37,45,38,45,38,58,50,50,60]"
j3033_3,55,"[0,0,0,0,9,16,6,17,17,2,9,17,3,30,27,22,15,24,31,28,30,41,44,30,37,43,38,47,45,45,51,55]"
j3033_4,77,"[0,0,8,0,9,18,19,25,26,29,31,45,33,36,18,34,46,43,59,29,40,66,43,61,50,58,66,66,67,76,68,77]"
j3033_5,53,"[0,0,0,7,15,4,8,14,15,11,16,34,15,20,37,16,38,41,19,44,20,42,35,27,27,26,35,42,48,46,46,53]"
j3033_6,59,"[0,0,0,9,3,3,13,4,23,23,13,23,25,28,49,29,29,19,36,28,41,38,50,36,51,44,52,47,53,53,58,59]"
j3033_7,58,"[0,0,4,0,10,10,26,13,43,10,23,20,29,20,32,51,33,49,52,44,47,54,41,49,52,51,41,51,53,57,53,58]"
j3033_8,61,"[0,3,0,0,3,8,3,7,8,10,12,5,23,31,25,20,18,36,23,44,39,49,44,18,47,31,39,48,51,42,56,61]"
j3033_9,65,"[0,0,0,0,11,16,2,19,2,10,4,24,24,21,25,19,25,25,37,34,46,43,35,27,38,55,48,45,60,54,56,65]"
j3033_10,53,"[0,0,7,0,2,3,7,2,16,13,11,3,24,21,27,13,30,13,21,23,22,30,37,30,30,39,43,40,52,46,44,53]"
j3034_1,68,"[0,0,0,0,10,10,10,14,28,20,20,25,28,32,28,32,35,35,35,45,39,29,39,45,51,55,49,55,66,56,58,68]"
j3034_2,44,"[0,0,0,4,7,7,10,3,15,13,9,9,15,15,19,15,13,21,32,22,22,22,21,21,31,34,31,28,41,38,41,44]"
j3034_3,69,"[0,0,0,0,3,10,21,16,7,23,3,34,12,56,29,29,36,37,53,45,45,45,45,21,61,53,53,56,63,62,62,69]"
j3034_4,67,"[0,0,3,0,3,3,12,3,11,14,12,13,22,22,32,31,31,42,22,35,45,53,57,64,62,45,55,53,57,65,63,67]"
j3034_5,63,"[0,0,0,0,6,10,13,13,18,8,27,15,13,18,24,37,21,23,30,6,46,41,45,46,29,36,39,47,56,55,53,63]"
j3034_6,52,"[0,0,0,0,5,5,11,4,11,15,20,5,24,35,14,32,15,16,20,30,34,40,41,34,24,37,42,37,48,44,51,52]"
j3034_7,58,"[0,0,0,0,3,15,8,34,8,15,13,9,18,39,27,21,31,21,25,24,37,3,42,46,24,34,33,50,53,48,54,58]"
j3034_8,58,"[0,0,0,0,5,5,9,1,11,11,1,7,29,20,18,18,15,34,25,33,33,11,23,40,40,41,26,44,48,47,29,58]"
j3034_9,60,"[0,0,0,23,4,13,21,8,8,13,31,25,25,28,22,28,35,17,23,31,27,33,40,35,39,39,47,47,55,58,50,60]"
j3034_10,47,"[0,0,0,0,14,10,7,7,16,10,15,17,18,17,26,27,23,22,21,29,32,18,25,29,32,35,37,36,43,45,41,47]"
j3035_1,57,"[0,0,0,0,8,14,6,2,14,2,8,8,18,18,17,13,24,31,35,25,33,24,18,28,35,37,28,37,54,47,40,57]"
j3035_2,53,"[0,0,0,0,4,1,7,14,19,10,4,7,14,19,36,22,20,27,20,43,29,43,40,43,30,36,43,37,50,46,48,53]"
j3035_3,60,"[0,0,7,0,9,16,34,7,7,12,20,20,42,12,9,26,31,30,21,50,49,46,39,52,55,39,42,51,57,59,54,60]"
j3035_4,50,"[0,0,12,0,4,12,12,4,8,1,18,18,15,13,22,21,12,19,31,26,17,20,40,22,31,29,31,23,45,44,40,50]"
j3035_5,60,"[0,6,0,0,8,8,8,12,6,13,13,23,27,23,12,35,33,34,23,38,46,40,32,46,51,15,40,49,50,59,57,60]"
j3035_6,58,"[0,1,0,0,1,13,6,6,15,15,1,12,6,10,7,15,20,25,35,41,33,25,41,44,44,20,41,41,52,50,51,58]"
j3035_7,61,"[0,0,0,0,3,12,14,10,7,14,10,15,18,26,24,31,25,31,38,38,31,40,53,32,40,40,43,40,53,58,50,61]"
j3035_8,63,"[0,0,0,0,7,7,16,3,7,16,24,9,34,3,28,13,34,54,44,44,24,35,53,54,43,52,55,53,61,61,59,63]"
j3035_9,59,"[0,0,0,0,2,2,4,4,11,11,7,20,11,21,11,10,17,15,26,20,36,29,29,44,37,29,46,46,55,49,40,59]"
j3035_10,59,"[0,0,0,0,5,5,5,5,6,28,12,13,19,24,12,18,23,18,30,28,34,44,38,23,36,46,44,49,50,38,49,59]"
j3036_1,66,"[0,0,0,0,3,3,13,3,6,13,9,5,16,23,13,46,16,29,21,23,29,37,36,32,42,43,38,48,58,65,57,66]"
j3036_2,44,"[0,0,0,0,3,3,13,8,2,12,8,17,8,17,18,2,22,22,22,6,18,23,28,23,29,41,23,36,39,37,42,44]"
j3036_3,61,"[0,0,0,0,6,6,7,4,6,14,12,24,4,34,11,7,20,15,29,15,33,34,34,24,30,38,47,52,56,51,54,61]"
j3036_4,59,"[0,0,0,0,6,6,6,15,4,15,4,23,12,23,30,15,23,19,39,39,39,46,30,30,46,43,53,48,55,51,51,59]"
j3036_5,64,"[0,0,0,0,5,11,11,7,11,17,17,22,33,23,31,18,31,38,27,31,38,41,38,44,38,47,46,51,61,58,56,64]"
j3036_6,46,"[0,0,0,0,9,8,8,12,18,7,21,9,12,19,14,16,26,30,30,32,26,35,28,29,30,38,31,18,38,39,42,46]"
j3036_7,56,"[0,0,0,0,7,13,10,14,19,13,4,14,22,22,21,13,18,28,10,30,21,31,34,26,21,42,34,38,53,48,48,56]"
j3036_8,63,"[0,0,0,0,7,10,14,7,14,17,10,25,10,25,19,19,34,25,32,35,42,31,53,18,44,39,45,51,55,7,61,63]"
j3036_9,59,"[0,0,0,0,10,10,20,2,20,16,25,16,16,27,25,23,26,10,36,21,47,33,54,33,33,37,42,46,56,54,56,59]"
j3036_10,59,"[0,0,0,0,10,4,3,10,10,19,3,17,48,21,18,21,19,36,27,27,44,34,34,33,43,43,43,48,56,56,56,59]"
j3037_1,79,"[0,0,0,8,27,2,19,17,28,7,19,36,40,27,16,56,34,13,44,36,47,42,51,53,43,63,53,62,71,69,62,79]"
j3037_2,69,"[0,0,0,0,11,8,2,11,12,15,2,16,8,19,16,20,14,18,29,18,36,29,30,42,39,41,50,44,60,52,61,69]"
j3037_3,81,"[0,0,0,5,5,26,5,53,34,14,20,43,23,60,30,20,43,65,37,57,53,60,68,69,73,66,60,68,75,77,72,81]"
j3037_4,83,"[0,0,0,6,1,1,9,16,9,6,12,26,16,19,20,50,68,39,36,46,54,28,59,32,31,39,68,67,59,75,74,83]"
j3037_5,80,"[0,8,0,18,27,18,8,38,28,27,30,37,54,28,40,45,59,45,45,43,65,55,70,65,74,66,63,71,79,71,79,80]"
j3037_6,73,"[0,2,8,0,7,4,7,14,18,25,18,35,46,20,14,40,37,36,42,26,39,44,56,50,57,57,60,62,69,68,67,73]"
j3037_7,92,"[0,0,12,0,17,25,35,6,35,36,6,35,37,40,45,45,55,55,37,63,58,19,63,58,67,64,78,73,69,76,84,92]"
j3037_8,72,"[0,0,0,0,3,9,10,30,9,20,20,39,31,41,47,10,41,30,41,20,55,43,45,58,56,66,56,58,59,65,67,72]"
j3037_9,57,"[0,0,0,0,5,6,10,6,28,15,29,19,19,38,33,31,5,18,38,41,43,49,38,40,43,48,43,51,55,52,54,57]"
j3037_10,81,"[0,5,11,0,36,27,5,12,18,22,17,49,32,22,42,46,39,50,32,49,46,49,58,59,49,62,38,59,67,68,75,81]"
j3038_1,48,"[0,0,0,0,1,5,5,15,10,13,6,6,16,18,17,21,18,30,20,11,21,28,31,35,34,38,36,31,39,43,40,48]"
j3038_2,54,"[0,0,0,0,4,3,4,3,6,4,6,14,19,7,25,35,17,16,18,33,27,31,38,29,42,34,40,40,48,40,47,54]"
j3038_3,59,"[0,0,0,0,3,11,25,6,11,21,11,25,21,14,14,42,29,21,30,22,36,36,37,47,44,48,30,40,50,55,49,59]"
j3038_4,59,"[0,0,0,0,3,10,3,5,10,13,19,21,14,19,20,3,16,23,37,29,31,35,38,41,51,38,48,41,53,57,32,59]"
j3038_5,71,"[0,0,0,0,5,32,4,4,14,12,12,21,16,20,38,20,42,31,24,49,38,29,38,43,56,52,43,34,65,46,62,71]"
j3038_6,63,"[0,3,0,0,10,7,20,1,3,27,20,27,28,24,6,15,35,23,34,40,46,48,50,32,55,31,43,58,35,62,52,63]"
j3038_7,65,"[0,0,0,0,3,4,29,12,11,26,10,19,13,35,24,28,52,20,14,24,33,39,29,37,55,37,39,46,56,44,58,65]"
j3038_8,61,"[0,0,0,0,7,8,9,8,7,15,18,15,19,29,16,34,39,15,19,33,25,43,41,29,48,40,41,46,48,56,47,61]"
j3038_9,63,"[0,0,0,0,7,7,22,9,9,16,7,30,15,13,30,11,42,37,30,37,44,44,30,45,45,13,54,24,62,54,55,63]"
j3038_10,60,"[0,0,0,0,3,7,11,20,20,11,7,7,26,11,30,13,31,30,40,30,45,39,20,36,39,47,46,49,54,50,55,60]"
j3039_1,55,"[0,0,0,0,12,5,5,3,12,6,7,12,15,5,25,34,40,20,29,28,36,45,39,20,30,40,46,44,50,49,47,55]"
j3039_2,54,"[0,0,0,0,1,1,7,9,7,3,11,21,9,11,21,21,18,31,27,13,40,24,27,44,30,36,44,40,40,39,46,54]"
j3039_3,54,"[0,0,0,0,6,8,3,13,18,7,8,8,8,14,15,24,34,18,14,19,17,25,24,25,35,51,35,35,44,24,53,54]"
j3039_4,53,"[0,0,0,0,7,17,5,5,1,13,11,24,6,18,24,17,11,21,21,39,27,47,27,30,40,28,30,29,50,50,43,53]"
j3039_5,55,"[0,0,8,0,10,12,10,8,16,18,24,19,20,20,12,18,20,33,29,34,35,39,16,24,39,50,33,42,48,51,46,55]"
j3039_6,69,"[0,0,0,10,19,10,12,19,52,28,28,12,31,18,32,38,35,47,38,44,62,11,38,52,64,44,59,61,67,54,63,69]"
j3039_7,56,"[0,0,0,0,9,9,7,9,4,19,13,22,9,17,20,30,19,24,25,38,38,30,28,48,39,39,38,40,42,49,55,56]"
j3039_8,67,"[0,29,0,0,4,6,12,26,20,12,40,7,29,29,7,29,37,34,60,39,26,47,47,39,35,43,53,52,65,58,62,67]"
j3039_9,64,"[0,0,0,0,10,5,12,23,16,5,16,5,22,10,20,23,25,30,39,33,34,34,41,41,40,47,55,48,54,59,54,64]"
j3039_10,60,"[0,0,0,0,13,8,8,13,17,16,20,2,20,14,18,29,17,13,29,23,33,24,33,41,36,41,54,42,59,50,50,60]"
j3040_1,51,"[0,0,0,0,1,8,2,7,7,1,17,17,25,8,24,38,26,29,33,32,38,38,46,18,35,44,31,41,41,49,49,51]"
j3040_2,56,"[0,0,0,0,7,1,16,7,7,17,28,6,1,24,15,16,41,38,47,31,40,34,28,40,35,45,42,42,48,51,50,56]"
j3040_3,57,"[0,0,0,0,1,7,9,7,1,17,9,9,17,13,24,9,24,21,33,24,41,24,13,34,53,34,45,41,55,56,51,57]"
j3040_4,57,"[0,0,0,0,6,6,6,9,3,18,11,18,18,13,27,28,28,27,18,13,36,39,39,48,49,46,45,47,48,52,55,57]"
j3040_5,65,"[0,4,0,0,6,13,13,23,13,3,9,23,6,22,26,23,32,26,32,27,43,37,55,35,41,47,47,53,57,55,42,65]"
j3040_6,60,"[0,0,0,0,7,12,12,19,7,10,17,15,15,21,21,28,38,25,25,29,27,22,34,39,40,30,46,49,57,48,52,60]"
j3040_7,46,"[0,0,0,0,5,1,1,11,5,15,11,11,17,14,11,20,20,33,23,17,26,37,37,31,23,35,38,26,41,42,39,46]"
j3040_8,57,"[0,0,0,0,10,5,10,5,20,10,20,27,5,20,25,12,26,28,48,34,22,35,27,43,36,36,41,43,55,51,51,57]"
j3040_9,64,"[0,0,0,0,9,8,8,9,9,14,11,14,15,21,31,20,31,8,41,20,42,51,47,25,51,21,48,50,56,61,56,64]"
j3040_10,51,"[0,0,0,0,5,9,9,15,19,4,7,10,20,10,18,20,16,19,33,27,22,28,34,28,37,35,35,43,41,41,45,51]"
j3041_1,86,"[0,0,25,0,8,5,20,8,25,13,13,21,34,36,26,30,58,35,41,44,50,66,65,38,55,55,66,64,72,84,81,86]"
j3041_2,89,"[0,0,17,8,9,26,32,35,19,38,26,43,27,40,35,45,19,45,56,55,60,69,67,60,68,72,67,80,82,76,87,89]"
j3041_3,85,"[0,0,0,20,10,20,10,36,50,7,60,38,33,30,48,30,67,57,49,68,54,75,74,49,79,52,68,61,77,79,81,85]"
j3041_4,78,"[0,0,13,0,26,9,10,32,19,19,10,27,13,5,31,38,42,32,41,51,44,42,48,28,63,44,51,68,58,69,53,78]"
j3041_5,99,"[0,0,18,0,10,35,38,10,28,22,28,44,52,67,57,38,38,63,52,73,59,79,52,69,81,89,84,78,86,96,89,99]"
j3041_6,103,"[0,0,16,11,9,17,32,17,9,34,41,46,41,57,21,72,65,25,52,81,85,64,73,82,46,80,56,84,98,94,92,103]"
j3041_7,92,"[0,9,9,0,18,13,32,28,40,54,21,58,28,34,28,50,50,34,40,39,62,68,65,78,69,45,72,78,85,87,88,92]"
j3041_8,88,"[0,0,0,0,9,10,28,11,37,19,34,19,33,36,41,46,27,66,37,59,55,52,68,41,67,68,77,78,80,47,72,88]"
j3041_9,92,"[0,0,13,23,12,35,13,33,26,27,9,18,31,39,34,41,58,34,43,67,48,79,59,41,70,71,64,67,88,87,79,92]"
j3041_10,99,"[0,2,21,0,4,12,32,11,47,28,30,50,21,59,37,35,59,65,41,41,43,78,47,85,55,70,59,79,90,70,89,99]"
j3042_1,58,"[0,0,0,0,9,19,9,9,10,22,28,18,17,10,34,33,28,18,33,37,27,37,41,45,47,44,37,43,55,37,50,58]"
j3042_2,50,"[0,8,0,0,6,12,25,10,21,14,20,25,26,13,8,32,20,31,24,34,34,31,18,28,29,37,36,41,43,42,40,50]"
j3042_3,60,"[0,0,0,7,8,11,8,20,20,10,16,26,30,22,32,26,36,12,41,16,36,34,34,44,45,48,44,42,56,50,52,60]"
j3042_4,49,"[0,0,0,0,25,3,17,30,12,9,16,14,14,10,21,32,35,23,16,22,28,40,17,31,31,38,38,34,44,47,43,49]"
j3042_5,52,"[0,0,0,0,4,4,7,5,4,8,20,5,9,20,9,17,30,7,30,12,17,12,11,26,37,35,35,38,48,46,42,52]"
j3042_6,66,"[0,0,0,0,7,6,13,23,21,13,29,7,25,32,35,47,13,44,35,37,39,44,49,57,57,49,59,54,61,52,63,66]"
j3042_7,66,"[0,0,0,0,10,6,19,19,13,19,13,21,29,38,48,32,51,42,42,24,21,25,43,51,57,32,32,59,56,60,60,66]"
j3042_8,82,"[0,10,0,0,10,13,32,7,19,15,27,22,19,27,38,20,38,43,62,42,38,47,46,52,43,62,53,66,58,66,75,82]"
j3042_9,60,"[0,2,0,0,2,10,12,14,10,23,11,36,21,25,31,33,37,37,39,31,43,41,29,46,38,43,48,48,51,56,52,60]"
j3042_10,75,"[0,0,0,10,9,14,10,17,25,15,25,25,26,15,31,26,35,35,34,40,35,50,58,59,40,50,59,30,64,69,74,75]"
j3043_1,55,"[0,6,0,0,4,10,4,16,8,8,18,23,23,26,3,10,31,22,29,30,31,42,37,46,42,38,40,35,50,47,53,55]"
j3043_2,43,"[0,0,5,6,6,13,1,1,6,9,20,11,19,16,24,13,28,25,29,21,16,34,25,19,33,24,35,28,41,37,37,43]"
j3043_3,57,"[0,0,0,0,9,16,5,5,16,16,14,16,47,25,16,30,25,18,36,32,34,47,26,36,43,45,44,41,48,55,56,57]"
j3043_4,67,"[0,0,0,0,10,10,1,12,7,17,51,1,17,25,27,25,42,43,35,17,35,49,47,53,42,60,52,51,61,61,60,67]"
j3043_5,64,"[0,0,0,0,1,8,14,4,16,8,1,4,8,13,16,14,20,20,28,46,28,22,29,22,39,37,48,46,40,55,55,64]"
j3043_6,58,"[0,0,0,0,9,2,9,4,17,14,43,2,16,26,18,12,19,20,22,30,34,35,31,50,50,42,39,52,54,55,49,58]"
j3043_7,52,"[0,0,0,0,8,1,1,11,8,17,5,8,12,11,13,20,24,36,17,22,18,27,27,39,34,34,41,40,44,48,43,52]"
j3043_8,62,"[0,0,0,3,12,9,6,7,12,14,24,24,8,37,30,33,17,32,31,42,33,38,41,46,42,52,56,52,57,52,59,62]"
j3043_9,57,"[0,0,0,0,10,5,10,5,19,14,20,17,19,30,14,29,22,30,29,40,46,28,37,33,30,32,33,45,47,43,53,57]"
j3043_10,60,"[0,0,0,0,9,6,1,18,6,31,7,25,7,18,12,18,27,12,27,28,34,42,48,48,27,54,36,42,53,51,57,60]"
j3044_1,50,"[0,0,0,0,3,8,9,12,12,12,9,9,16,17,24,7,17,29,15,24,3,14,13,19,37,35,34,23,40,45,40,50]"
j3044_2,54,"[0,0,0,0,8,10,12,10,22,2,20,20,26,34,24,33,34,11,34,41,29,41,41,35,27,37,44,42,49,52,45,54]"
j3044_3,51,"[0,0,0,0,9,26,2,2,2,9,14,10,12,29,37,43,43,9,26,18,43,18,37,29,28,28,35,43,47,42,50,51]"
j3044_4,57,"[0,0,0,0,10,8,10,20,13,19,23,10,23,20,23,23,22,27,33,29,43,29,33,40,38,46,45,45,50,55,54,57]"
j3044_5,55,"[0,0,0,0,9,5,9,1,9,19,27,13,10,10,17,19,28,28,27,36,40,36,38,13,19,20,25,41,48,48,46,55]"
j3044_6,56,"[0,0,0,0,2,8,2,2,11,11,12,8,17,22,17,4,17,17,37,41,27,33,48,37,50,42,41,42,50,55,53,56]"
j3044_7,42,"[0,0,0,0,8,12,8,4,16,15,15,8,10,13,12,20,16,24,20,26,33,20,37,24,32,28,32,34,40,36,40,42]"
j3044_8,49,"[0,0,0,0,1,3,4,13,4,7,2,14,13,22,8,30,28,6,22,12,39,17,34,28,35,17,43,40,44,44,48,49]"
j3044_9,64,"[0,0,0,0,10,10,18,9,10,17,18,23,18,23,27,37,37,39,40,48,48,44,23,48,61,55,48,54,54,59,63,64]"
j3044_10,63,"[0,0,0,0,10,10,14,9,15,22,12,42,23,19,22,29,11,29,44,33,40,44,44,35,49,53,46,45,53,53,59,63]"
j3045_1,82,"[0,4,0,0,6,25,7,14,24,7,4,21,17,21,26,57,29,24,35,37,50,44,44,55,62,70,49,66,73,73,67,82]"
j3045_2,125,"[0,0,0,11,8,41,46,29,66,21,78,36,61,75,93,55,46,68,51,85,67,84,83,101,121,122,107,117,111,123,124,125]"
j3045_3,92,"[0,0,3,0,13,8,14,19,11,28,15,31,60,43,51,14,33,34,51,20,41,59,49,81,64,60,73,65,81,83,88,92]"
j3045_4,84,"[0,0,0,17,6,36,15,12,25,19,7,13,25,32,36,35,33,52,43,42,60,58,38,48,64,68,65,52,77,74,78,84]"
j3045_5,86,"[0,20,0,0,10,32,14,10,14,28,22,21,47,17,57,41,32,73,44,45,47,41,52,80,54,67,56,63,78,81,77,86]"
j3045_6,,
j3045_7,101,"[0,0,19,0,10,18,36,53,37,10,28,37,69,82,62,53,90,68,76,45,60,66,45,81,95,71,76,83,91,83,99,101]"
j3045_8,94,"[0,23,0,0,9,36,14,44,33,44,57,23,52,37,46,54,52,54,60,50,63,65,63,71,80,80,89,31,92,88,70,94]"
j3045_9,82,"[0,6,0,0,9,24,15,13,34,6,39,31,1,22,24,33,40,32,50,35,33,43,49,52,57,57,59,66,75,66,76,82]"
j3045_10,90,"[0,0,10,2,5,15,21,13,32,41,22,23,46,61,23,33,62,41,51,55,65,70,54,71,76,78,71,79,79,82,82,90]"
j3046_1,59,"[0,0,0,5,7,7,6,22,15,21,23,12,20,25,35,37,25,43,27,22,32,17,36,40,45,50,49,50,56,58,36,59]"
j3046_2,67,"[0,0,0,0,9,9,14,16,24,8,21,16,32,39,23,31,37,31,45,47,39,50,47,58,30,56,52,55,56,60,66,67]"
j3046_3,65,"[0,0,0,0,8,7,3,10,2,27,16,31,20,5,39,25,16,31,44,39,42,15,51,44,36,53,25,54,63,44,60,65]"
j3046_4,64,"[0,0,0,16,5,9,3,8,6,18,16,22,20,44,19,29,28,28,36,30,54,35,37,40,50,57,46,44,59,57,58,64]"
j3046_5,57,"[0,2,0,0,9,9,12,8,13,15,9,17,42,3,13,32,23,30,21,33,30,26,37,40,26,40,44,46,48,48,48,57]"
j3046_6,59,"[0,0,0,0,5,5,5,10,16,13,8,10,8,17,21,13,27,28,36,26,37,27,43,32,36,45,43,33,53,52,53,59]"
j3046_7,59,"[0,9,0,0,4,9,13,11,22,4,23,25,17,26,24,33,30,39,31,48,45,13,25,41,43,40,53,30,53,56,47,59]"
j3046_8,58,"[0,0,0,0,22,19,1,8,10,13,7,34,10,20,13,22,27,43,28,27,33,31,34,42,39,43,40,45,55,50,49,58]"
j3046_9,49,"[0,0,0,4,2,11,2,4,21,7,11,22,17,16,9,25,17,26,29,17,40,26,34,35,35,42,37,38,46,47,43,49]"
j3046_10,55,"[0,0,0,0,9,17,15,18,9,29,27,24,27,19,33,34,35,28,40,44,30,42,47,36,36,45,48,47,49,54,51,55]"
j3047_1,58,"[0,0,14,0,8,8,17,21,25,17,31,21,7,34,14,23,31,37,36,37,37,40,44,41,51,48,42,49,56,54,51,58]"
j3047_2,59,"[0,0,0,0,15,6,45,8,21,8,9,13,9,13,18,22,26,31,23,28,43,32,20,31,46,31,38,47,52,55,50,59]"
j3047_3,55,"[0,0,0,0,7,7,14,13,7,9,13,9,22,15,13,21,28,19,19,24,21,37,21,38,31,31,27,48,47,41,54,55]"
j3047_4,49,"[0,0,0,4,4,4,7,10,11,9,11,12,12,12,31,18,5,17,29,21,19,18,24,39,22,31,27,36,42,45,43,49]"
j3047_5,47,"[0,0,0,0,7,7,14,11,11,19,12,15,22,7,9,14,15,24,25,29,30,35,37,23,35,35,24,36,27,43,45,47]"
j3047_6,53,"[0,0,0,11,5,4,5,12,14,12,16,8,8,15,18,24,14,23,39,42,28,37,33,18,32,28,34,45,44,47,43,53]"
j3047_7,66,"[0,0,0,0,12,5,5,7,5,11,11,9,12,16,16,15,23,22,24,32,31,47,31,32,40,41,38,49,38,57,57,66]"
j3047_8,48,"[0,0,0,0,1,1,4,12,10,4,4,7,10,12,12,17,19,19,40,26,21,29,26,19,29,36,40,38,39,45,46,48]"
j3047_9,65,"[0,0,0,0,9,10,19,10,4,9,11,16,27,23,31,19,19,28,29,35,44,41,19,44,33,52,54,54,46,60,59,65]"
j3047_10,60,"[0,0,0,0,4,5,39,12,5,17,12,14,17,27,16,6,22,31,33,16,34,43,27,48,48,24,39,44,51,54,50,60]"
j3048_1,63,"[0,0,0,0,11,5,5,11,9,13,30,18,20,26,9,5,17,40,36,32,36,49,54,36,57,56,45,51,44,59,62,63]"
j3048_2,54,"[0,0,0,0,6,9,1,9,2,9,11,16,6,13,16,30,20,26,36,41,44,20,26,34,39,34,41,43,44,47,48,54]"
j3048_3,50,"[0,0,0,0,4,7,26,8,8,8,14,10,14,4,13,37,26,13,26,25,36,17,23,37,26,31,31,34,41,42,47,50]"
j3048_4,57,"[0,0,0,0,8,5,8,10,10,16,16,12,23,2,21,20,21,11,20,28,40,33,28,43,30,28,53,40,49,54,54,57]"
j3048_5,58,"[0,0,0,0,9,10,10,19,13,24,19,10,29,19,13,24,24,29,28,28,29,38,34,43,28,39,33,34,48,54,41,58]"
j3048_6,58,"[0,0,0,0,5,6,5,10,18,9,10,14,17,17,5,27,18,14,30,37,47,18,38,30,39,47,38,47,52,57,48,58]"
j3048_7,55,"[0,0,0,0,6,12,16,6,1,10,12,24,13,30,8,16,18,26,16,30,35,43,26,42,36,45,45,30,52,48,53,55]"
j3048_8,44,"[0,0,0,0,3,5,11,15,9,11,11,9,24,27,16,20,27,27,9,20,36,20,25,31,36,40,37,34,40,42,43,44]"
j3048_9,59,"[0,0,0,0,6,6,5,13,15,5,5,16,22,22,22,18,17,31,18,31,28,39,37,40,40,46,22,34,49,51,49,59]"
j3048_10,54,"[0,0,0,0,7,13,10,21,13,13,14,20,26,26,11,35,44,29,21,21,11,27,37,44,40,37,44,39,51,49,46,54]"
